<?xml version="1.0" encoding="UTF-8"?>
<project-private xmlns="http://www.netbeans.org/ns/project-private/1">
    <editor-bookmarks xmlns="http://www.netbeans.org/ns/editor-bookmarks/2" lastBookmarkId="0"/>
    <open-files xmlns="http://www.netbeans.org/ns/projectui-open-files/2">
        <group>
            <file>file:/C:/xampp/htdocs/caximbora/conecta_mysql.inc</file>
            <file>file:/C:/xampp/htdocs/caximbora/verifica.php</file>
            <file>file:/C:/xampp/htdocs/caximbora/insere.inc</file>
            <file>file:/C:/xampp/htdocs/caximbora/index.php</file>
        </group>
    </open-files>
</project-private>
